system,logical_step,reward_mean,wandb_step,timestamp
UniRL,1,0.8286721706390381,3,1790253281.728161
UniRL,2,0.7949488162994385,7,1790254084.5258002
UniRL,3,0.6728842854499817,11,1790254890.9167786
UniRL,4,0.6656337976455688,15,1790255690.4743857
UniRL,5,0.8388108611106873,19,1790256496.9931333
UniRL,6,0.7075520753860474,24,1790257322.4637568
UniRL,7,0.7874748706817627,28,1790258118.3232567
UniRL,8,0.8180248141288757,32,1790258913.846199
UniRL,9,0.6954994201660156,36,1790259707.1950605
UniRL,10,0.8115071058273315,40,1790260493.6192539
UniRL,11,0.7926038503646851,47,1790261452.2603996
UniRL,12,0.7143541574478149,51,1790262238.9937997
UniRL,13,0.6994600296020508,55,1790263027.1336138
UniRL,14,0.816940426826477,59,1790263814.9550853
UniRL,15,0.7139269113540649,63,1790264602.9453728
UniRL,16,0.8145946860313416,68,1790265400.7286453
UniRL,17,0.8309493660926819,72,1790266192.3073237
UniRL,18,0.7118626832962036,76,1790266987.7139463
UniRL,19,0.7183170318603516,80,1790267790.0946765
UniRL,20,0.790768563747406,84,1790268590.8084517
UniRL,21,0.6979061365127563,91,1790269478.7953358
UniRL,22,0.7079615592956543,95,1790270273.0677562
UniRL,23,0.8383619785308838,99,1790271065.0905416
UniRL,24,0.7156505584716797,103,1790271838.6587174
UniRL,25,0.8160247802734375,107,1790272602.7382658
UniRL,26,0.7255233526229858,112,1790273382.1069028
UniRL,27,0.8586187362670898,116,1790274230.1970782
UniRL,28,0.6829326748847961,120,1790275003.136836
UniRL,29,0.7093263864517212,124,1790275771.3705769
UniRL,30,0.7245007753372192,128,1790276535.9370337
UniRL,31,0.6954662799835205,135,1790277385.2675123
UniRL,32,0.8292015790939331,139,1790278149.3156636
UniRL,33,0.7079066038131714,143,1790278907.7916174
UniRL,34,0.8454389572143555,147,1790279676.7299979
UniRL,35,0.7291467189788818,151,1790280442.3743172
UniRL,36,0.7554488182067871,156,1790281220.5379934
UniRL,37,0.7342633605003357,160,1790281988.726328
UniRL,38,0.7677568793296814,164,1790282758.8083618
UniRL,39,0.7550018429756165,168,1790283524.4240198
UniRL,40,0.7689502835273743,172,1790284277.8866367
UniRL,41,0.7830862998962402,179,1790285119.4103193
UniRL,42,0.8682970404624939,183,1790285881.3100884
UniRL,43,0.7872520089149475,187,1790286640.8806834
UniRL,44,0.8165156245231628,191,1790287404.0142603
UniRL,45,0.7957648634910583,195,1790288166.447071
UniRL,46,0.8446224331855774,200,1790288932.4875658
UniRL,47,0.8094096183776855,204,1790289696.8143237
UniRL,48,0.8506101965904236,208,1790290453.0456612
UniRL,49,0.8318047523498535,212,1790291211.4432666
UniRL,50,0.8350489735603333,216,1790291965.4665594
UniRL,51,0.8710212707519531,223,1790292814.7697003
UniRL,52,0.8711774945259094,227,1790293581.6239536
UniRL,53,0.8620836734771729,231,1790294342.827354
UniRL,54,0.8359518647193909,235,1790295108.081172
UniRL,55,0.8142389059066772,239,1790295950.3727884
UniRL,56,0.8361209630966187,244,1790296721.742031
UniRL,57,0.8843474984169006,248,1790297482.235057
UniRL,58,0.8578382730484009,252,1790298232.6505036
UniRL,59,0.8789716958999634,256,1790298980.9384284
UniRL,60,0.8369961380958557,260,1790299726.3197923
UniRL,61,0.8660872578620911,267,1790300559.2046163
UniRL,62,0.8435799479484558,271,1790301313.7834594
UniRL,63,0.8343312740325928,275,1790302060.1560276
UniRL,64,0.8731611967086792,279,1790302822.1827805
UniRL,65,0.879913866519928,283,1790303578.416404
UniRL,66,0.8445608019828796,288,1790304347.73702
UniRL,67,0.8502708077430725,292,1790305103.2810075
UniRL,68,0.8690216541290283,296,1790305859.3144627
UniRL,69,0.87841796875,300,1790306612.7468886
UniRL,70,0.8400880694389343,304,1790307455.25963
UniRL,71,0.8562749028205872,311,1790308296.0779757
UniRL,72,0.8479793071746826,315,1790309060.9598618
UniRL,73,0.8677674531936646,319,1790309811.9259517
UniRL,74,0.839514970779419,323,1790310569.0580802
UniRL,75,0.8364540934562683,327,1790311321.0120778
UniRL,76,0.8555867671966553,332,1790312081.4588666
UniRL,77,0.8493432998657227,336,1790312917.2119713
UniRL,78,0.839028537273407,340,1790313666.0393155
UniRL,79,0.8619660139083862,344,1790314426.1904318
UniRL,80,0.8237408995628357,348,1790315197.9048178
UniRL,81,0.8565248847007751,355,1790316053.0579112
UniRL,82,0.8207759857177734,359,1790316824.179394
UniRL,83,0.8701597452163696,363,1790317586.259616
UniRL,84,0.8806825280189514,367,1790318349.324337
UniRL,85,0.8705011606216431,371,1790319120.8856921
UniRL,86,0.8333444595336914,376,1790319901.6790824
UniRL,87,0.8781881332397461,380,1790320669.3360384
UniRL,88,0.8583475947380066,384,1790321442.380755
UniRL,89,0.8338316082954407,388,1790322219.3724546
UniRL,90,0.8881560564041138,392,1790322997.092933
UniRL,91,0.8415600061416626,399,1790323851.468224
UniRL,92,0.8594781160354614,403,1790324616.058714
UniRL,93,0.8828679323196411,407,1790325377.831154
UniRL,94,0.8534550070762634,411,1790326144.8800695
UniRL,95,0.8553138971328735,415,1790326904.333826
UniRL,96,0.8441973924636841,420,1790327678.8522334
UniRL,97,0.8778083920478821,424,1790328439.489563
UniRL,98,0.9017205238342285,428,1790329196.0907803
UniRL,99,0.873717725276947,432,1790329957.7464101
UniRL,100,0.8846495747566223,436,1790330709.1888635
UniRL,101,0.8731666207313538,443,1790331559.2379076
UniRL,102,0.8761489391326904,447,1790332329.8392327
UniRL,103,0.8710583448410034,451,1790333097.369835
UniRL,104,0.8734184503555298,455,1790333937.5685403
UniRL,105,0.8723315000534058,459,1790334702.3896255
UniRL,106,0.841004490852356,464,1790335474.440431
UniRL,107,0.8460468053817749,468,1790336229.9201734
UniRL,108,0.8485226035118103,472,1790336990.3241346
UniRL,109,0.8779326677322388,476,1790337751.1057444
UniRL,110,0.8584926128387451,480,1790338515.583884
UniRL,111,0.8556748628616333,487,1790339362.0107794
UniRL,112,0.8563490509986877,491,1790340124.5994675
UniRL,113,0.8445645570755005,495,1790340885.2692773
UniRL,114,0.8495227694511414,499,1790341654.23497
UniRL,115,0.8779377937316895,503,1790342425.3651755
UniRL,116,0.8626677393913269,508,1790343196.3866367
UniRL,117,0.8906288146972656,512,1790343969.215473
UniRL,118,0.8723676204681396,516,1790344734.3159828
UniRL,119,0.8635851740837097,520,1790345496.0773442
UniRL,120,0.8640472292900085,524,1790346262.4205978
UniRL,121,0.8742190599441528,531,1790347120.0050662
UniRL,122,0.8837194442749023,535,1790347887.694631
UniRL,123,0.8595439791679382,539,1790348652.382188
UniRL,124,0.8805838227272034,543,1790349420.935877
UniRL,125,0.8542916774749756,547,1790350185.8327348
UniRL,126,0.8283730745315552,552,1790350955.9391136
UniRL,127,0.8516734838485718,556,1790351725.2546744
UniRL,128,0.8610123991966248,560,1790352488.8108656
UniRL,129,0.8824095129966736,564,1790353259.7374358
UniRL,130,0.8610860705375671,568,1790354028.2840443
UniRL,131,0.8733515739440918,575,1790354977.776507
UniRL,132,0.8446784019470215,579,1790355828.883494
UniRL,133,0.8805360794067383,583,1790356604.4293714
UniRL,134,0.8907784223556519,587,1790357373.9927416
UniRL,135,0.8772575259208679,591,1790358140.1927805
UniRL,136,0.8371835947036743,596,1790358989.850574
UniRL,137,0.8576484322547913,600,1790359757.6893442
UniRL,138,0.8557282090187073,604,1790360525.474229
UniRL,139,0.8671953082084656,608,1790361371.8832266
UniRL,140,0.8516348600387573,612,1790362130.4042122
UniRL,141,0.861107587814331,619,1790362978.0529497
UniRL,142,0.8580030798912048,623,1790363743.0625002
UniRL,143,0.8750088214874268,627,1790364511.7332044
UniRL,144,0.8664932250976562,631,1790365284.7826762
UniRL,145,0.8640027642250061,635,1790366045.7389364
UniRL,146,0.8739905953407288,640,1790366818.013341
UniRL,147,0.8599081635475159,644,1790367583.8508537
UniRL,148,0.8363781571388245,648,1790368356.4800692
UniRL,149,0.8824121952056885,652,1790369115.5181885
UniRL,150,0.8176185488700867,656,1790369883.573256
UniRL,151,0.8692653179168701,663,1790370738.3233678
UniRL,152,0.8454245328903198,667,1790371501.3602307
UniRL,153,0.8501200079917908,671,1790372266.9497123
UniRL,154,0.8684273958206177,675,1790373041.6688921
UniRL,155,0.7982761859893799,679,1790373887.5367646
UniRL,156,0.8683034181594849,684,1790374658.4505122
UniRL,157,0.8722426295280457,688,1790375415.9237845
UniRL,158,0.862148642539978,692,1790376177.856229
UniRL,159,0.8493316173553467,696,1790376939.9169326
UniRL,160,0.8689517974853516,700,1790377697.776497
UniRL,161,0.8685818314552307,707,1790378567.076659
UniRL,162,0.8574000000953674,711,1790379336.1409976
UniRL,163,0.8389222621917725,715,1790380107.284432
UniRL,164,0.869101881980896,719,1790380873.697976
UniRL,165,0.8410854339599609,723,1790381643.7221954
UniRL,166,0.8433380126953125,728,1790382420.66779
UniRL,167,0.837836503982544,732,1790383188.4763582
UniRL,168,0.8568989634513855,736,1790383953.4396362
UniRL,169,0.8363484740257263,740,1790384719.530179
UniRL,170,0.8515671491622925,744,1790385489.4674044
UniRL,171,0.9126100540161133,751,1790386338.3359065
UniRL,172,0.8606513738632202,755,1790387102.1385596
UniRL,173,0.8810813426971436,759,1790387867.1364763
UniRL,174,0.8529229164123535,763,1790388715.8540852
UniRL,175,0.8424222469329834,767,1790389483.3590539
UniRL,176,0.8653435707092285,772,1790390263.768496
UniRL,177,0.8205441236495972,776,1790391033.202124
UniRL,178,0.850827693939209,780,1790391799.3586664
UniRL,179,0.8447747826576233,784,1790392565.4632783
UniRL,180,0.8599324822425842,788,1790393327.9856403
UniRL,181,0.8697689175605774,795,1790394175.3160887
UniRL,182,0.8571496605873108,799,1790394937.1818178
UniRL,183,0.8479927182197571,803,1790395704.8461425
UniRL,184,0.874553382396698,807,1790396477.1707313
UniRL,185,0.8821728229522705,811,1790397238.4132633
UniRL,186,0.8655169010162354,816,1790398023.250036
UniRL,187,0.8469406366348267,820,1790398874.1736643
UniRL,188,0.8718042373657227,824,1790399641.819587
UniRL,189,0.833601713180542,828,1790400403.9197693
UniRL,190,0.8824198842048645,832,1790401250.9514482
UniRL,191,0.8417914509773254,839,1790402095.7584999
UniRL,192,0.8469184637069702,843,1790402863.1036932
UniRL,193,0.8389798402786255,847,1790403630.99472
UniRL,194,0.843392014503479,851,1790404396.1725757
UniRL,195,0.8602558374404907,855,1790405167.647244
UniRL,196,0.8321449756622314,860,1790405941.2140644
UniRL,197,0.8734673261642456,864,1790406705.5584064
UniRL,198,0.866161584854126,868,1790407478.0842333
UniRL,199,0.8437197208404541,872,1790408248.1255796
UniRL,200,0.8906899690628052,876,1790409014.5819633
UniRL,201,0.8295705914497375,883,1790409862.7552252
UniRL,202,0.8422697186470032,887,1790410627.0453832
UniRL,203,0.8860107660293579,891,1790411393.0439713
UniRL,204,0.8782127499580383,895,1790412160.237712
UniRL,205,0.8800269961357117,899,1790412929.1219602
UniRL,206,0.8727473616600037,904,1790413712.116071
UniRL,207,0.8743486404418945,908,1790414565.6126127
UniRL,208,0.8889955282211304,912,1790415332.584674
UniRL,209,0.8665932416915894,916,1790416099.3830395
UniRL,210,0.8698201179504395,920,1790416872.2453234
UniRL,211,0.866757869720459,934,1790419111.9601505
UniRL,212,0.8525286316871643,938,1790419876.1348472
UniRL,213,0.8629930019378662,942,1790420635.6513505
UniRL,214,0.8705165982246399,946,1790421393.579722
UniRL,215,0.8561127781867981,950,1790422154.5412936
UniRL,216,0.8628405928611755,955,1790422926.7878187
UniRL,217,0.894055962562561,959,1790423682.2242327
UniRL,218,0.8520573377609253,963,1790424430.020272
UniRL,219,0.8717261552810669,967,1790425182.2290332
UniRL,220,0.8624910712242126,971,1790425939.8850057
UniRL,221,0.9073618650436401,978,1790426762.995951
UniRL,222,0.8797719478607178,982,1790427524.668517
UniRL,223,0.8459726572036743,986,1790428280.9623759
UniRL,224,0.9027975797653198,990,1790429036.7080352
UniRL,225,0.8636752963066101,994,1790429800.6505284
UniRL,226,0.8812589049339294,999,1790430554.2297184
UniRL,227,0.8815352320671082,1003,1790431320.5137012
UniRL,228,0.8784911632537842,1007,1790432073.2788074
UniRL,229,0.8606504797935486,1011,1790432831.4233768
UniRL,230,0.8678772449493408,1015,1790433587.0354114
UniRL,231,0.8603711724281311,1022,1790434428.066338
UniRL,232,0.8680659532546997,1026,1790435182.7774293
UniRL,233,0.8934901356697083,1030,1790435942.9168458
UniRL,234,0.8851227760314941,1034,1790436699.048368
UniRL,235,0.8978515863418579,1038,1790437459.4147968
UniRL,236,0.8663727641105652,1043,1790438234.4463508
UniRL,237,0.8762848377227783,1047,1790439070.2272186
UniRL,238,0.858274519443512,1051,1790439826.6747534
UniRL,239,0.859503448009491,1055,1790440586.7249725
UniRL,240,0.8247019052505493,1059,1790441342.531431
UniRL,241,0.8848937749862671,1066,1790442173.8341818
UniRL,242,0.8735893964767456,1070,1790442932.6632512
UniRL,243,0.8576288819313049,1074,1790443768.3740873
UniRL,244,0.8550789952278137,1078,1790444530.7178583
UniRL,245,0.8614270091056824,1082,1790445287.1820593
UniRL,246,0.8494142293930054,1087,1790446052.0296435
UniRL,247,0.8561311364173889,1091,1790446799.818458
UniRL,248,0.8444111347198486,1095,1790447564.854652
UniRL,249,0.8888264894485474,1099,1790448330.0720773
UniRL,250,0.8942949175834656,1103,1790449095.8978076
UniRL,251,0.8915245532989502,1110,1790449931.222986
UniRL,252,0.869006872177124,1114,1790450685.793164
UniRL,253,0.8860179781913757,1118,1790451444.264627
UniRL,254,0.8711851239204407,1122,1790452203.1031487
UniRL,255,0.8503594994544983,1126,1790452962.0091686
UniRL,256,0.8595830202102661,1131,1790453723.2769096
UniRL,257,0.8739973902702332,1135,1790454486.5849493
UniRL,258,0.8964028358459473,1139,1790455245.9074423
UniRL,259,0.8930836319923401,1143,1790456007.3170612
UniRL,260,0.8449869155883789,1147,1790456769.661295
UniRL,261,0.8525712490081787,1154,1790457610.6016502
UniRL,262,0.8892434239387512,1158,1790458359.8134167
UniRL,263,0.8674336075782776,1162,1790459117.7434235
UniRL,264,0.8717239499092102,1166,1790459875.4514828
UniRL,265,0.853103518486023,1170,1790460637.7838168
UniRL,266,0.8851520419120789,1175,1790461405.1695797
UniRL,267,0.8282556533813477,1179,1790462168.9810526
UniRL,268,0.8673109412193298,1183,1790462926.8859568
UniRL,269,0.8855190277099609,1187,1790463751.3483317
UniRL,270,0.9188768267631531,1191,1790464510.7296298
UniRL,271,0.8806216716766357,1198,1790465350.7620244
UniRL,272,0.880124032497406,1202,1790466107.6249774
UniRL,273,0.8613877892494202,1206,1790466863.0091753
UniRL,274,0.8657735586166382,1210,1790467620.4507065
UniRL,275,0.8665428757667542,1214,1790468372.5580597
UniRL,276,0.8615386486053467,1219,1790469142.6004033
UniRL,277,0.8802528977394104,1223,1790469903.2152092
UniRL,278,0.8861681818962097,1227,1790470657.7634063
UniRL,279,0.8782133460044861,1231,1790471416.1045187
UniRL,280,0.8722192049026489,1235,1790472256.4929361
UniRL,281,0.8658059239387512,1242,1790473099.1502285
UniRL,282,0.8787070512771606,1246,1790473850.3679302
UniRL,283,0.878311812877655,1250,1790474610.7037222
UniRL,284,0.905097246170044,1254,1790475444.8199596
UniRL,285,0.874411940574646,1258,1790476197.2465997
UniRL,286,0.8800990581512451,1263,1790476965.377635
UniRL,287,0.8668931722640991,1267,1790477781.4726236
UniRL,288,0.8957043886184692,1271,1790478532.3463316
UniRL,289,0.8725448250770569,1275,1790479292.0285573
UniRL,290,0.8944529891014099,1279,1790480053.6754735
UniRL,291,0.878868043422699,1286,1790480983.618265
UniRL,292,0.8526960611343384,1290,1790481744.5433931
UniRL,293,0.8872392773628235,1294,1790482582.374033
UniRL,294,0.8754491209983826,1298,1790483342.012876
UniRL,295,0.8603905439376831,1302,1790484102.1322865
UniRL,296,0.8667038679122925,1307,1790484865.4741924
UniRL,297,0.8962118029594421,1311,1790485614.6858287
UniRL,298,0.827286422252655,1315,1790486357.978695
UniRL,299,0.8991370797157288,1319,1790487110.4202569
UniRL,300,0.9169760346412659,1323,1790487857.863323
UniRL,301,0.867209792137146,1330,1790488688.8902829
UniRL,302,0.8908896446228027,1334,1790489433.1047719
UniRL,303,0.8938082456588745,1338,1790490177.953385
UniRL,304,0.8864427804946899,1342,1790490926.3741975
UniRL,305,0.8645794987678528,1346,1790491751.6136804
UniRL,306,0.8379517793655396,1351,1790492513.5794425
UniRL,307,0.8539572358131409,1355,1790493257.6528757
UniRL,308,0.8719232082366943,1359,1790494007.188386
UniRL,309,0.8781975507736206,1363,1790494757.7146199
UniRL,310,0.8700709939002991,1367,1790495503.776317
UniRL,311,0.8830791115760803,1374,1790496335.6235366
UniRL,312,0.8557418584823608,1378,1790497092.947957
UniRL,313,0.8858973979949951,1382,1790497840.090768
UniRL,314,0.8646543622016907,1386,1790498590.0514443
UniRL,315,0.8637992739677429,1390,1790499335.5872223
UniRL,316,0.896693766117096,1395,1790500085.0687318
UniRL,317,0.8720543384552002,1399,1790500826.1423826
UniRL,318,0.8594003915786743,1403,1790501567.9339392
UniRL,319,0.8880450129508972,1407,1790502308.9075027
UniRL,320,0.8605485558509827,1411,1790503044.0662353
UniRL,321,0.8863786458969116,1418,1790503872.348345
UniRL,322,0.8818655610084534,1422,1790504609.539782
UniRL,323,0.8739132881164551,1426,1790505357.4340186
UniRL,324,0.864493727684021,1430,1790506105.7769604
UniRL,325,0.8694277405738831,1434,1790506841.6532192
UniRL,326,0.8777732253074646,1439,1790507597.6390412
UniRL,327,0.8374350666999817,1443,1790508342.0568619
UniRL,328,0.8789122700691223,1447,1790509095.0446365
UniRL,329,0.8533218502998352,1451,1790509839.5134144
UniRL,330,0.8729463815689087,1455,1790510583.2583442
UniRL,331,0.8760173320770264,1462,1790511413.1261382
UniRL,332,0.8793866038322449,1466,1790512157.3620222
UniRL,333,0.8755101561546326,1470,1790512981.976517
UniRL,334,0.8948440551757812,1474,1790513727.864367
UniRL,335,0.8727536201477051,1478,1790514472.2777925
UniRL,336,0.8821462392807007,1483,1790515227.514127
UniRL,337,0.8965610861778259,1487,1790515972.4911373
UniRL,338,0.8702368140220642,1491,1790516717.5904226
UniRL,339,0.8639561533927917,1495,1790517455.123883
UniRL,340,0.8845556974411011,1499,1790518193.8454268
UniRL,341,0.8573386073112488,1506,1790519021.8384104
UniRL,342,0.8666741847991943,1510,1790519767.1361823
UniRL,343,0.8568354845046997,1514,1790520517.1751142
UniRL,344,0.8697891235351562,1518,1790521255.713004
UniRL,345,0.8640190362930298,1522,1790521999.4830275
UniRL,346,0.8606539964675903,1527,1790522753.3007457
UniRL,347,0.8691834211349487,1531,1790523576.8275437
UniRL,348,0.8732790946960449,1535,1790524321.3884099
UniRL,349,0.8938490152359009,1539,1790525143.8927693
UniRL,350,0.9114395976066589,1543,1790525880.260106
UniRL,351,0.8678916692733765,1550,1790526705.0808482
UniRL,352,0.8470650315284729,1554,1790527450.7379477
UniRL,353,0.8675841093063354,1558,1790528265.196741
UniRL,354,0.8689437508583069,1562,1790529014.5452337
UniRL,355,0.8666027784347534,1566,1790529757.084804
UniRL,356,0.8852778673171997,1571,1790530506.2467873
UniRL,357,0.8677587509155273,1575,1790531247.9928818
UniRL,358,0.8779560327529907,1579,1790532065.2898314
UniRL,359,0.8667294979095459,1583,1790532811.7297814
UniRL,360,0.8891112804412842,1587,1790533552.9656467
UniRL,361,0.8643483519554138,1594,1790534379.267794
UniRL,362,0.8750889301300049,1598,1790535135.389787
UniRL,363,0.8756082057952881,1602,1790535885.8253872
UniRL,364,0.8643379807472229,1606,1790536709.8100846
UniRL,365,0.8931543827056885,1610,1790537454.7795875
UniRL,366,0.8930951356887817,1615,1790538208.509699
UniRL,367,0.8510352373123169,1619,1790538952.2545228
UniRL,368,0.8928923606872559,1623,1790539691.6742523
UniRL,369,0.8730999231338501,1627,1790540434.1504295
